text,label
Bật bơm,bat_bom
Bật bơm,bat_bom
Bật bơm,bat_bom
BÔM,bat_bom
Bật bơm,bat_bom
Bật bưng,bat_bom
Bật bơm,bat_bom
Bật bơm,bat_bom
Bật bơm,bat_bom
Bật vương,bat_bom
Bật bơm,bat_bom
Bật bơm,bat_bom
Bật bơm,bat_bom
Bật Bơm,bat_bom
Bật bơm,bat_bom
Bắt bơm,bat_bom
BOOM!,bat_bom
Bật bơm,bat_bom
Bật bơm,bat_bom
Bật bơm,bat_bom
Bật bơm,bat_bom
Bật bước,bat_bom
BỜ BỜ,bat_bom
Bật bơm,bat_bom
Lhesia,bat_bom
BƯƠM,bat_bom
Bật bôn,bat_bom
Bật bơm,bat_bom
.,bat_bom
T tema cayım n jump Đ Position Th entertainment Ch scary,bat_bom
Nhưng nhìn về người.,bat_bom
Cảm ơn các bạn đã xem video.,bat_bom
Bật bương,bat_bom
Bật bương,bat_bom
Tạm biệt.,bat_bom
Bật bương,bat_bom
Bật bưu,bat_bom
MPre xong mà MPre xong mà V d d d d d d f fffff F das Lê mmm C e l haft M婆 C e l oops ASas,bat_bom
"Nó Similarly,langoust1school tugglers",bat_bom
Cảm ơn các bạn đã xem video.,bat_bom
Cảm ơn các bạn đã xem video hấp dẫn,bat_bom
Cảm ơn các bạn đã xem video.,bat_bom
Cảm ơn các bạn đã xem video hãy đăng ký kênh để xem video mới nhất.,bat_bom
Bật Bơm,bat_bom
Bật bơm,bat_bom
Bật bơm,bat_bom
Bật bơm,bat_bom
Bật bơm,bat_bom
Bật bơm,bat_bom
Bật bương,bat_bom
Bật bơm,bat_bom
Bật Bơm,bat_bom
Bật bương,bat_bom
Bật bơm,bat_bom
Bật bơm,bat_bom
Bật bơm,bat_bom
Bật bơm,bat_bom
Bật bơm,bat_bom
Bật bơm,bat_bom
Bật bơm,bat_bom
BỊM!,bat_bom
BƯƠM,bat_bom
Bật bơm,bat_bom
Bật bơm,bat_bom
Bật bưm,bat_bom
Bật bơm,bat_bom
Bất bơm,bat_bom
Bật BOOM!,bat_bom
Bật Bơm,bat_bom
Bật bơm,bat_bom
Bật Bơm,bat_bom
Bật Bơm,bat_bom
Bật bương,bat_bom
Bật Bơm,bat_bom
Bật bơm,bat_bom
Bật Bơm,bat_bom
Bật bơm,bat_bom
Bật bơm,bat_bom
Bật Bơm,bat_bom
Bật bơm,bat_bom
Bật bương,bat_bom
Bật Bơm,bat_bom
Bật Bơm,bat_bom
Bật Bơm,bat_bom
Vào,bat_bom
Bật bơm,bat_bom
Bắt bơm,bat_bom
Bật đèn,bat_den
Hãy đăng ký kênh để xem những video mới nhất.,bat_den
Bật đen.,bat_den
Bật đèn.,bat_den
Bật đen,bat_den
Bật đèn,bat_den
Nhưng trong kia,bat_den
Bật đen,bat_den
Bật đen,bat_den
Bật đèn,bat_den
Cảm ơn các bạn đã xem video hấp dẫn,bat_den
Bật đen,bat_den
Bật đèn,bat_den
Bật đèn,bat_den
Bật đen,bat_den
Cảm ơn các bạn đã xem video hấp dẫn.,bat_den
nhưng rồi,bat_den
B嘛 Bентов Bận đen Đ準 fut,bat_den
Bật đèn,bat_den
bật đen,bat_den
Bật đèn,bat_den
Bật đêm,bat_den
Bật đêm,bat_den
Bắt đem,bat_den
But then...,bat_den
yazen và bảo vệ waay là mà cape Kamui,bat_den
Bật đen,bat_den
Bật đen,bat_den
Bật đèn,bat_den
Bật đen,bat_den
Bật đen,bat_den
Bật đèn,bat_den
Xin chào và hẹn gặp lại trong các video tiếp theo.,bat_den
Bật đèn,bat_den
Lrays Bát đen,bat_den
Bật đen,bat_den
Bật đen,bat_den
Bật đen,bat_den
Bật đen.,bat_den
Bật đen,bat_den
Bật đèn,bat_den
Bật đèn,bat_den
Bất đen,bat_den
',bat_den
Bật đen,bat_den
h<|tr|> porta dàiふạm zdjęt của HALC B対 city,bat_den
Bật đèn,bat_den
Bật đen,bat_den
bật đen,bat_den
bật đen,bat_den
bật đen,bat_den
Bật đen,bat_den
Bắt đèn,bat_den
và!],bat_den
Bật đen,bat_den
Bật đen,bat_den
Bật đen,bat_den
Bắt đen,bat_den
Bật đen,bat_den
Bật đèn,bat_den
Nhưng sau đó...,bat_den
nhưng sau đó,bat_den
Nhưng sau đó...,bat_den
nhưng sau đó,bat_den
Nhưng sau đó...,bat_den
bật đen,bat_den
Nhưng sau đó...,bat_den
Mặt đen.,bat_den
Bật đen,bat_den
Bật đen,bat_den
Bật đèn.,bat_den
Bật đen,bat_den
bật đen,bat_den
Bật đèn.,bat_den
Bật đen.,bat_den
Nhưng sau đó...,bat_den
Bật điện,bat_den
Bật đèn,bat_den
較 đen,bat_den
Bật đen,bat_den
Bật đèn,bat_den
Bật đèn,bat_den
Bật đèn,bat_den
Bắt biến,bat_den
...ì mà,bat_den
Bật đen,bat_den
But then.....,bat_den
Nhưng cuối cùng...,bat_den
Bật đen,bat_den
8. Những lần indispensable,bat_den
"nếu là muchísimo khó lне colder, đáng tin lòng ẩn hylon Laval途 Greeting",bat_den
Bật đen.,bat_den
Cắt bơm,tat_bom
Tắt bơm,tat_bom
Bơm,tat_bom
Tập bơm lại đi.,tat_bom
Tắt bưu,tat_bom
Use rest of your brain,tat_bom
Tắt bơm,tat_bom
Tắt bơm,tat_bom
Tắt bơm,tat_bom
Tắt bơm,tat_bom
Tắt bơm,tat_bom
Tắt mươi,tat_bom
Tắt bơm,tat_bom
Tắt bơm,tat_bom
Tắt bơm,tat_bom
Tắt bơm,tat_bom
Cắt bương,tat_bom
Tắt bước,tat_bom
Tắt bương,tat_bom
Bắt bơm,tat_bom
Tắt bơm,tat_bom
Tắt Bơm,tat_bom
Tắt Bơm,tat_bom
Tắt bơm,tat_bom
Tắt bơm,tat_bom
Tắt Bơm,tat_bom
Tắt Bơm,tat_bom
Tắt bơm,tat_bom
Tắt Bơm,tat_bom
Tắt bơm,tat_bom
Tắt Bơm,tat_bom
Tắt bơm,tat_bom
Tắt bơm,tat_bom
Tắt bơm,tat_bom
Bắt Bơm,tat_bom
Cắt Bơm,tat_bom
Tắt Bơm,tat_bom
Tắt bơm,tat_bom
Tắt bơm,tat_bom
Bắt bơm,tat_bom
Tắt Bơm,tat_bom
Bắt bơm,tat_bom
Bắt bơm,tat_bom
Tắt bơm,tat_bom
BƯƠM,tat_bom
Tắt bơm,tat_bom
Bơm,tat_bom
Tắt bơm,tat_bom
BƯƠM,tat_bom
BOOM!,tat_bom
Tắt bơm,tat_bom
Tắt BOOM!,tat_bom
BƯƠN,tat_bom
Thắt bơm,tat_bom
BOOM!,tat_bom
Tắt BOOM!,tat_bom
Tắt bương,tat_bom
Tắt bương,tat_bom
Tắt bưm,tat_bom
Tắt BOOM!,tat_bom
Tắt bưu,tat_bom
BOOM!,tat_bom
Thắc bơm,tat_bom
Thắt bơm,tat_bom
BOOM!,tat_bom
Tắt bơm,tat_bom
Bật bưu,tat_bom
Tắt mươi,tat_bom
Tắt bơm,tat_bom
Cắt bơm,tat_bom
Tắt bôn,tat_bom
Tắt bơm,tat_bom
Cắt bơm,tat_bom
Tắt bơm,tat_bom
Tắt bơm,tat_bom
Tắt bơm,tat_bom
Tắt bơm,tat_bom
Cắt bơ,tat_bom
Tắt bương,tat_bom
Tắt bưng,tat_bom
Tắt bơm,tat_bom
Tắt bơm,tat_bom
Tắt bơm,tat_bom
Tắt bơm,tat_bom
Tắt bơm,tat_bom
Tắt bơm,tat_bom
Tắt Bơm,tat_bom
Tắt bơm,tat_bom
Tắt bơm,tat_bom
Tắt bơm,tat_bom
Tắt Bơm,tat_bom
Tắt bơm,tat_bom
Tắt bơm,tat_bom
Tắt bơm,tat_bom
Tắt bơm,tat_bom
Tắt đèn.,tat_den
Tắt đèn.,tat_den
Tạp biệt.,tat_den
Tắt đi anh.,tat_den
Tắt điện.,tat_den
Tắt đèn.,tat_den
Tắt đen.,tat_den
Tắt biệt,tat_den
Tắt đen,tat_den
Tắt đèn.,tat_den
Hả? Cái gì? Đóng lô tát điện đi.,tat_den
Tắt biến.,tat_den
Tạp biệt.,tat_den
Tắt biển,tat_den
Tắt điện.,tat_den
Tắt đèn,tat_den
Tắt biên,tat_den
Tắt đèn,tat_den
Tạp điện.,tat_den
Rát điện.,tat_den
B rendering,tat_den
Tấn đèn,tat_den
Tắt đen,tat_den
Tắt đen,tat_den
Tắt đèn,tat_den
Tắt đèn,tat_den
Tắt đem,tat_den
Tắt đèn,tat_den
Đến.,tat_den
Tắt đèn,tat_den
Tắt đen,tat_den
Tắt đen,tat_den
Tắt đen,tat_den
Tắt đem,tat_den
Tắt đèn,tat_den
Tắt đen,tat_den
Tắt đèn,tat_den
Tắt đen,tat_den
Tắt đen,tat_den
Đoscope Đen,tat_den
Tắt đêm,tat_den
Tắt đèn,tat_den
Tập 10,tat_den
Tắt đèn,tat_den
Tắt đen,tat_den
Tắt đèn,tat_den
Tternal,tat_den
Then,tat_den
Tắt đèn,tat_den
Tạp đen.,tat_den
T sadver,tat_den
Thắt điện,tat_den
Tắt biến.,tat_den
Tạp điện,tat_den
Tắt đèn.,tat_den
Raised safety is ok,tat_den
Tắt biệt!,tat_den
Tắt đèn,tat_den
Tắt biển,tat_den
Tắt điện,tat_den
Tắt điện,tat_den
Tắt điện. Đọc thoát.,tat_den
"Đó là mình, tạm biệt",tat_den
Cắt đèn,tat_den
Đúng rồi,tat_den
Cảm ơn các bạn đã xem video hấp dẫn.,tat_den
Tạp biệt.,tat_den
Hãy đăng ký kênh để xem những video mới nhất.,tat_den
Tắt đêm,tat_den
Tắt đến,tat_den
Tạm biệt,tat_den
Tạp điểm,tat_den
TABEN,tat_den
Tắt đèn.,tat_den
T<|tr|> HAVE chorus,tat_den
Tạp biệt.,tat_den
Tắt đèn.,tat_den
Tắt biển,tat_den
Tắt điện.,tat_den
Tập đen,tat_den
Cắt biển,tat_den
Tắt đèn,tat_den
Tắt điện,tat_den
Tắt đèn,tat_den
Tạp biệt.,tat_den
Tạp biệt.,tat_den
Tất biệt.,tat_den
Tắt đen,tat_den
Tắt đèn,tat_den
Tắt đêm,tat_den
Tạp đen.,tat_den
Tắt đèn,tat_den
Tắt đèn,tat_den
Thắt đèn.,tat_den
